"id","name","email","password","title"
"7542c817-d896-4030-ad4f-0523b7f06cf6","Cauã","cauasa.edmail.com","Password123","3dcaebb1-4a6a-4f82-8b26-8641a0b4d0b4"
"b3d20a04-f14a-48e4-bc22-14634b5c8d9e","João","joao.email.com","Password123","3dcaebb1-4a6a-4f82-8b26-8641a0b4d0b4"
"519ab34f-1aec-47d3-9004-2b1c40114bbe","Cauã","cauasda.demail.com","Password123","3dcaebb1-4a6a-4f82-8b26-8641a0b4d0b4"
"fe31cae9-a997-4ddb-a31e-d42f2a4c8f20","Cauã","caua@@@.email.com","Password123","3dcaebb1-4a6a-4f82-8b26-8641a0b4d0b4"
"581cb023-52c7-408c-8d10-d91b817f9e6b","João","joao@@@.email.com","Password123","3dcaebb1-4a6a-4f82-8b26-8641a0b4d0b4"
"3ca6b16c-c8ad-4d8f-ae93-763e7ababb35","Cauã","caua.email.com","Password123","3dcaebb1-4a6a-4f82-8b26-8641a0b4d0b4"
"98a76995-3cb4-4e45-83fa-873748c97615","Igor","igor@.com","a665a45920422f9d417e4867efdc4fb8a04a1f3fff1fa07e998e86f7f7a27ae3","95a53132-6c5d-4761-b222-85f361d945f0"
"d4ec009a-5e1b-45f7-8ec5-c5b670fd3ad2","Cauã","kaun@gamil.com","Password123","73a930c0-1435-4b5d-92ed-1f3cbdc3fe84"
"6fe81791-c4db-494a-9d82-4be2508b0092","Igor","igorfff@.com","a665a45920422f9d417e4867efdc4fb8a04a1f3fff1fa07e998e86f7f7a27ae3","73a930c0-1435-4b5d-92ed-1f3cbdc3fe84"
"52793e86-da39-498a-bfe0-ea8172e39ed2","Cauã","a.com","a665a45920422f9d417e4867efdc4fb8a04a1f3fff1fa07e998e86f7f7a27ae3","73a930c0-1435-4b5d-92ed-1f3cbdc3fe84"
"2a3f65ce-6676-4871-a2cf-e383d0b9c7eb","Cauã","aasd@asdff.com","a665a45920422f9d417e4867efdc4fb8a04a1f3fff1fa07e998e86f7f7a27ae3","73a930c0-1435-4b5d-92ed-1f3cbdc3fe84"
