"id","name","email","password"
"a83f7244-ba65-4106-a946-64164e976153","Giovana Trevizan","gi.trevizan.barbosa@gmail.com","8d969eef6ecad3c29a3a629280e686cf0c3f5d5a86aff3ca12020c923adc6c92"
"b651182d-4132-4185-bf12-b87d2343db4e","Cauã","caua.email.com","Password123"
"bae0c420-5026-47bb-b4e0-2438b4f6e19f","Cauã","caua.email.com","Password123"
"c1181182-2573-4387-8be3-02962d9e31b6","Cauã","caua.email.com","Password123"
"db1e06fe-6631-4173-9d4b-7519ac0ec8d3","Cauã","a@a.com","123"
"018a6900-32cd-46ec-8326-6a9a8d130b73","Cauã","caua.email.com","Password123"
"0e5845be-cc10-402a-818a-8315d7682330","Cauã","test@gmail.com","15e2b0d3c33891ebb0f1ef609ec419420c20e320ce94c65fbc8c3312448eb225"
"19722982-4159-41f1-b533-7e1183ccc92b","Cauã","a@a.com","123"
"222c1f8d-e68c-4579-b1bb-c2d48b02c717","João","joao.email.com","Password123"
"26ff40c8-3991-4407-9dab-edb0e52b3c2e","Cauã","a.com","a665a45920422f9d417e4867efdc4fb8a04a1f3fff1fa07e998e86f7f7a27ae3"
"2eb29d2f-4d5d-4b33-8e0f-2e412bd8673b","João","joao.email.com","Password123"
"47f8b6dc-384e-4584-84ce-901dbe73eb2e","Cauã","caua.email.com","Password123"
"4c8c8987-aa50-44e7-8718-2635bb7a2aae","Cauã","a.com","a665a45920422f9d417e4867efdc4fb8a04a1f3fff1fa07e998e86f7f7a27ae3"
"5e269112-c583-4781-b6d7-3709d5f03b27","Giovana Trevizan","gi.trevizan.barbosa@gmail.com","8d969eef6ecad3c29a3a629280e686cf0c3f5d5a86aff3ca12020c923adc6c92"
"61c56fd1-22bd-45b0-a913-28067516d676","Cauã","caua.email.com","Password123"
"6d8b29e8-cb7f-4300-8755-e390607d1d23","Giovana Trevizan","gi.trevizan.barbosa@gmail.com","8d969eef6ecad3c29a3a629280e686cf0c3f5d5a86aff3ca12020c923adc6c92"
"6f75e7d6-690d-4151-9832-1e34403a8c6a","Giovana Trevizan","gi.trevizan.barbosa@gmail.com","8d969eef6ecad3c29a3a629280e686cf0c3f5d5a86aff3ca12020c923adc6c92"
"7067eaaa-ce0a-4e0b-97b7-369aed388db7","Cauã","test@gmail.com","15e2b0d3c33891ebb0f1ef609ec419420c20e320ce94c65fbc8c3312448eb225"
"7b8d5d44-87c9-4a73-b9d2-12d8dfc42222","i@gimao.com","i@gimao.com","8248bae19ca132838683c8a561c4f96b45523152d0679a1d1b1d2da220f1740d"
